Workbook

Sheet 사전 서비스별 예측 비용
A1: AWS 실질 리소스 기준 서비스별 월 예상 비용
A2: 추후 사용할 스펙 AWS 공식 Price List/요금 페이지. 월 744시간/서울리전 기준
A4: 월 예상 비용 총합 (USD) | B4: =G29 -> 773.0435 | D4: 월 비용 산정 서비스 | E4: =COUNTA(B7:B28) -> 22 | G4: 추가 실측 기반 서비스 | H4: 2
A6: 카테고리 | B6: 서비스 | C6: 실제 구성·스펙 | D6: 리소스 수 | E6: AWS 적용 단가 | F6: 월 사용 기준 | G6: 월 예상 비용 (USD) | H6: 산정 범위/제외 항목 | I6: AWS 공식 출처
A7: 컴퓨팅 | B7: EC2 | C7: m7g.xlarge ×2 (mp-eks-node), t4g.xlarge ×1 (mp-ci-server), t3.medium ×1 (mp-dashboard), t3.micro ×1 (stopped) | D7: 5 | E7: m7g.xlarge $0.2006/h; t4g.xlarge $0.1664/h; t3.medium $0.0520/h | F7: running 4대 × 744시간; stopped 1대 컴퓨팅 비용 0 | G7: =IF(COUNTIFS('aws 전체 실질적 리소스 사용'!$B$2:$B$165,B7,'aws 전체 실질적 리소스 사용'!$I$2:$I$165,"<>")=0,"미산정",SUMIF('aws 전체 실질적 리소스 사용'!$B$2:$B$165,B7,'aws 전체 실질적 리소스 사용'!$I$2:$I$165)) -> 460.9824 | H7: 온디맨드 Linux/UNIX 기준; CPU Credit 추가 사용료 가능 | I7: https://aws.amazon.com/ec2/pricing/on-demand/
A8: 스토리지 | B8: EBS | C8: gp3 22개 · 총 530 GiB · 각 볼륨 기본 IOPS 3,000 | D8: 22 | E8: gp3 $0.08/GB-month (기본 3,000 IOPS 포함) | F8: 총 530 GiB provisioned | G8: =IF(COUNTIFS('aws 전체 실질적 리소스 사용'!$B$2:$B$165,B8,'aws 전체 실질적 리소스 사용'!$I$2:$I$165,"<>")=0,"미산정",SUMIF('aws 전체 실질적 리소스 사용'!$B$2:$B$165,B8,'aws 전체 실질적 리소스 사용'!$I$2:$I$165)) -> 42.4 | H8: 기본 3,000 IOPS 범위; 추가 IOPS/throughput 없음으로 계산 | I8: https://aws.amazon.com/ebs/pricing/
A9: 네트워크 | B9: Public IPv4 | C9: Elastic IP 4개 · 모두 associated | D9: 4 | E9: $0.005/IP-hour | F9: 4개 × 744시간 | G9: =IF(COUNTIFS('aws 전체 실질적 리소스 사용'!$B$2:$B$165,B9,'aws 전체 실질적 리소스 사용'!$I$2:$I$165,"<>")=0,"미산정",SUMIF('aws 전체 실질적 리소스 사용'!$B$2:$B$165,B9,'aws 전체 실질적 리소스 사용'!$I$2:$I$165)) -> 14.88 | I9: https://aws.amazon.com/vpc/pricing/
A10: 네트워크 | B10: NAT Gateway | C10: NAT Gateway 1개 · mp-nat · ap-northeast-2 | D10: 1 | E10: $0.059/GW-hour + $0.059/GB 처리 | F10: 744시간 + 6일 데이터 처리비 실측을 31일 환산 | G10: =0.059*744+0.362642/6*31 -> 45.76965 | H10: NAT 데이터 처리비 포함 · 08-10~08-15 실측 사용량 기준 월 환산 | I10: https://aws.amazon.com/vpc/pricing/
A11: 네트워크 | B11: Application Load Balancer | C11: 인터넷 공개형 ALB 1개 · mp-alb-public | D11: 1 | E11: $0.0225/ALB-hour + $0.008/LCU-hour | F11: 744시간 + 6일 LCU 실측을 31일 환산 | G11: =0.0225*744+0.000242/6*31 -> 16.74125 | H11: LCU 비용 포함 · 08-10~08-15 실측 사용량 기준 월 환산 | I11: https://aws.amazon.com/elasticloadbalancing/pricing/
A12: 데이터 | B12: ElastiCache | C12: Valkey · cache.t4g.micro ×2 | D12: 2 | E12: $0.0192/node-hour | F12: 2노드 × 744시간 | G12: =IF(COUNTIFS('aws 전체 실질적 리소스 사용'!$B$2:$B$165,B12,'aws 전체 실질적 리소스 사용'!$I$2:$I$165,"<>")=0,"미산정",SUMIF('aws 전체 실질적 리소스 사용'!$B$2:$B$165,B12,'aws 전체 실질적 리소스 사용'!$I$2:$I$165)) -> 28.5696 | H12: 노드 시간 비용 기준 | I12: https://aws.amazon.com/elasticache/pricing/
A13: 네트워크 | B13: VPC Endpoint | C13: Gateway(S3) ×2 + Interface(STS/SQS/Secrets Manager) ×3 · Interface는 각 2 AZ | D13: 5 | E13: Gateway $0; Interface $0.013/AZ-hour + 데이터 처리량 별도 | F13: Interface 3개 × 2 AZ × 744시간; Gateway 2개 $0 | G13: =3*2*744*0.013 -> 58.032 | H13: Interface Endpoint 시간비 포함 · 데이터 처리비는 수집 파일에 별도 금액 없음 | I13: https://aws.amazon.com/privatelink/pricing/
A14: 컨테이너 | B14: EKS Control Plane | C14: EKS 클러스터 1개 · mp-eks · 표준 지원 | D14: 1 | E14: $0.10/cluster-hour (표준 지원) | F14: 1클러스터 × 744시간 | G14: =IF(COUNTIFS('aws 전체 실질적 리소스 사용'!$B$2:$B$165,B14,'aws 전체 실질적 리소스 사용'!$I$2:$I$165,"<>")=0,"미산정",SUMIF('aws 전체 실질적 리소스 사용'!$B$2:$B$165,B14,'aws 전체 실질적 리소스 사용'!$I$2:$I$165)) -> 74.4 | I14: https://aws.amazon.com/eks/pricing/
A15: 보안 | B15: Secrets Manager | C15: Secret 11개 | D15: 11 | E15: $0.40/secret-month + API 호출 별도 | F15: 11개 × 1개월 | G15: =IF(COUNTIFS('aws 전체 실질적 리소스 사용'!$B$2:$B$165,B15,'aws 전체 실질적 리소스 사용'!$I$2:$I$165,"<>")=0,"미산정",SUMIF('aws 전체 실질적 리소스 사용'!$B$2:$B$165,B15,'aws 전체 실질적 리소스 사용'!$I$2:$I$165)) -> 4.4 | H15: API 호출 비용 제외 | I15: https://aws.amazon.com/secrets-manager/pricing/
A16: 네트워크 | B16: Route 53 | C16: Public Hosted Zone 1개 · newdrops.cloud · records 4 | D16: 1 | E16: $0.50/hosted-zone-month + DNS query 별도 | F16: Hosted Zone 1개 × 1개월 | G16: =IF(COUNTIFS('aws 전체 실질적 리소스 사용'!$B$2:$B$165,B16,'aws 전체 실질적 리소스 사용'!$I$2:$I$165,"<>")=0,"미산정",SUMIF('aws 전체 실질적 리소스 사용'!$B$2:$B$165,B16,'aws 전체 실질적 리소스 사용'!$I$2:$I$165)) -> 0.5 | H16: DNS query 비용 제외 | I16: https://aws.amazon.com/route53/pricing/
A17: 네트워크 | B17: VPC | C17: VPC 4개 (ap-northeast-2 3개, us-east-1 1개) | D17: 4 | E17: 리소스 자체 고정 사용료 $0 | F17: 4개 리소스 | G17: =IF(COUNTIFS('aws 전체 실질적 리소스 사용'!$B$2:$B$165,B17,'aws 전체 실질적 리소스 사용'!$I$2:$I$165,"<>")=0,"미산정",SUMIF('aws 전체 실질적 리소스 사용'!$B$2:$B$165,B17,'aws 전체 실질적 리소스 사용'!$I$2:$I$165)) -> 0 | H17: 해당 리소스 자체 고정 사용료 기준 $0 | I17: https://aws.amazon.com/vpc/pricing/
A18: 네트워크 | B18: Subnet | C18: Subnet 17개 | D18: 17 | E18: 리소스 자체 고정 사용료 $0 | F18: 17개 리소스 | G18: =IF(COUNTIFS('aws 전체 실질적 리소스 사용'!$B$2:$B$165,B18,'aws 전체 실질적 리소스 사용'!$I$2:$I$165,"<>")=0,"미산정",SUMIF('aws 전체 실질적 리소스 사용'!$B$2:$B$165,B18,'aws 전체 실질적 리소스 사용'!$I$2:$I$165)) -> 0 | H18: 해당 리소스 자체 고정 사용료 기준 $0 | I18: https://aws.amazon.com/vpc/pricing/
A19: 네트워크 | B19: Internet Gateway | C19: Internet Gateway 4개 | D19: 4 | E19: 리소스 자체 고정 사용료 $0 | F19: 4개 리소스 | G19: =IF(COUNTIFS('aws 전체 실질적 리소스 사용'!$B$2:$B$165,B19,'aws 전체 실질적 리소스 사용'!$I$2:$I$165,"<>")=0,"미산정",SUMIF('aws 전체 실질적 리소스 사용'!$B$2:$B$165,B19,'aws 전체 실질적 리소스 사용'!$I$2:$I$165)) -> 0 | H19: 해당 리소스 자체 고정 사용료 기준 $0 | I19: https://aws.amazon.com/vpc/pricing/
A20: 네트워크 | B20: Route Table | C20: Route Table 8개 | D20: 8 | E20: 리소스 자체 고정 사용료 $0 | F20: 8개 리소스 | G20: =IF(COUNTIFS('aws 전체 실질적 리소스 사용'!$B$2:$B$165,B20,'aws 전체 실질적 리소스 사용'!$I$2:$I$165,"<>")=0,"미산정",SUMIF('aws 전체 실질적 리소스 사용'!$B$2:$B$165,B20,'aws 전체 실질적 리소스 사용'!$I$2:$I$165)) -> 0 | H20: 해당 리소스 자체 고정 사용료 기준 $0 | I20: https://aws.amazon.com/vpc/pricing/
A21: 네트워크 | B21: Security Group | C21: Security Group 13개 | D21: 13 | E21: 리소스 자체 고정 사용료 $0 | F21: 13개 리소스 | G21: =IF(COUNTIFS('aws 전체 실질적 리소스 사용'!$B$2:$B$165,B21,'aws 전체 실질적 리소스 사용'!$I$2:$I$165,"<>")=0,"미산정",SUMIF('aws 전체 실질적 리소스 사용'!$B$2:$B$165,B21,'aws 전체 실질적 리소스 사용'!$I$2:$I$165)) -> 0 | H21: 해당 리소스 자체 고정 사용료 기준 $0 | I21: https://aws.amazon.com/vpc/pricing/
A22: 네트워크 | B22: Network ACL | C22: Network ACL 4개 | D22: 4 | E22: 리소스 자체 고정 사용료 $0 | F22: 4개 리소스 | G22: =IF(COUNTIFS('aws 전체 실질적 리소스 사용'!$B$2:$B$165,B22,'aws 전체 실질적 리소스 사용'!$I$2:$I$165,"<>")=0,"미산정",SUMIF('aws 전체 실질적 리소스 사용'!$B$2:$B$165,B22,'aws 전체 실질적 리소스 사용'!$I$2:$I$165)) -> 0 | H22: 해당 리소스 자체 고정 사용료 기준 $0 | I22: https://aws.amazon.com/vpc/pricing/
A23: 컨테이너 | B23: ECR | C23: ECR Repository 18개 · 리포지토리당 이미지 1 GB 저장 가정 | D23: 18 | E23: $0.10/GB-month | F23: 18개 × 1 GB = 18 GB 저장 | G23: =18*1*0.1 -> 1.8 | H23: 동일 리전 이미지 Pull 전송료 $0 가정 · 실제 이미지 저장량에 따라 변동 | I23: https://aws.amazon.com/ecr/pricing/
A24: 서버리스 | B24: Lambda | C24: Lambda Function 11개 · 함수당 월 100,000회 · 512 MB · 평균 200 ms 실행 가정 | D24: 11 | E24: $0.20/100만 요청 + $0.0000166667/GB-second | F24: 총 110만 호출 · 110,000 GB-second | G24: =(1100000/1000000*0.2)+(1100000*0.2*0.5*0.0000166667) -> 2.053337 | H24: 무료 티어 미적용한 보수적 계산 · 실제 호출 수/메모리/실행시간에 따라 변동 | I24: https://aws.amazon.com/lambda/pricing/
A25: 메시징 | B25: SQS | C25: Queue 11개 · 큐당 월 100,000 요청 가정 | D25: 11 | E25: $0.40/100만 Standard 요청 가정 | F25: 총 110만 요청 | G25: =(1100000/1000000)*0.4 -> 0.44 | H25: 무료 티어 미적용 · Standard Queue 기준 · payload 64 KB 이하 가정 | I25: https://aws.amazon.com/sqs/pricing/
A26: 스토리지 | B26: S3 | C26: Bucket 17개 · 버킷당 평균 1 GB S3 Standard 저장 가정 | D26: 17 | E26: $0.025/GB-month (서울 S3 Standard 가정) | F26: 17개 × 1 GB = 17 GB 저장 | G26: =17*1*0.025 -> 0.425 | H26: 저장 비용만 산정 · PUT/GET·인터넷 전송량은 사용량 미수집으로 제외 | I26: https://aws.amazon.com/s3/pricing/
A27: 모니터링 | B27: CloudWatch Logs | C27: EKS control-plane / Glue 로그 수집 | D27: 1 | E27: $0.76/GB 수집 기준(수집 파일 스펙) | F27: 08-10~08-15 실측비 $4.173597 → 31일 환산 | G27: =4.173597/6*31 -> 21.563585 | H27: 평균 사용량과 비교 | I27: aws_cost_daily_summary_plain.xlsx
A28: AI | B28: Amazon Bedrock | C28: Nova Micro + Titan V2 · 6일 총 85회 호출 | D28: 1 | E28: 입·출력 토큰 사용량 기반 | F28: 08-10~08-15 실측비 $0.016776 → 31일 환산 | G28: =0.016776/6*31 -> 0.086676 | H28: 실측 6일 비용을 31일로 환산한 월 예상치 | I28: aws_cost_daily_summary_plain.xlsx
F29: 월 예상 비용 합계 (기존 리소스 + CloudWatch/Bedrock + 실측 변동비 반영) | G29: =SUM(G7:G28) -> 773.0435

Sheet aws 전체 실질적 리소스 사용
A1: 카테고리 | B1: 서비스 | C1: 리전 | D1: 리소스 ID | E1: 이름 | F1: 유형 | G1: 상태 | H1: 사양/범위 | I1: 월 예상 (USD) | J1: 단가 | K1: 계산 근거 | L1: 출처
A2: 컴퓨팅 | B2: EC2 | C2: ap-northeast-2 | D2: i-0f4ebb39e84735bb2 | E2: mp-eks-node | F2: EC2 m7g.xlarge | G2: running | H2: Linux/UNIX | I2: 149.2464 | J2: 0.2006 | K2: 실행 744시간 × AWS Price List 온디맨드 단가 | L2: AWS 서비스 API 직접 조회
A3: 컴퓨팅 | B3: EC2 | C3: ap-northeast-2 | D3: i-081c03fd82281e841 | E3: mp-ci-server | F3: EC2 t4g.xlarge | G3: running | H3: Linux/UNIX | I3: 123.8016 | J3: 0.1664 | K3: 실행 744시간 × AWS Price List 온디맨드 단가 | L3: AWS 서비스 API 직접 조회
A4: 컴퓨팅 | B4: EC2 | C4: ap-northeast-2 | D4: i-0b28079e87febf176 | E4: mp-dashboard | F4: EC2 t3.medium | G4: running | H4: Linux/UNIX | I4: 38.688 | J4: 0.052 | K4: 실행 744시간 × AWS Price List 온디맨드 단가 | L4: AWS 서비스 API 직접 조회
A5: 컴퓨팅 | B5: EC2 | C5: ap-northeast-2 | D5: i-0c840eb9011d3f29b | E5: mp-eks-node | F5: EC2 m7g.xlarge | G5: running | H5: Linux/UNIX | I5: 149.2464 | J5: 0.2006 | K5: 실행 744시간 × AWS Price List 온디맨드 단가 | L5: AWS 서비스 API 직접 조회
A6: 스토리지 | B6: EBS | C6: ap-northeast-2 | D6: vol-05fe7e8e1e3abbaf1 | E6: mp-ebs-ci-docker | F6: gp3 | G6: in-use | H6: 60 GiB · IOPS 3000 | I6: 4.8 | J6: 0.08 | K6: GB-month × AWS Price List gp3 단가 | L6: AWS 서비스 API 직접 조회
A7: 스토리지 | B7: EBS | C7: ap-northeast-2 | D7: vol-0e274819289db6807 | E7: mp-eks-dynamic-pvc-8da72e60-c4b6-420c-bed2-a61091e0950c | F7: gp3 | G7: in-use | H7: 32 GiB · IOPS 3000 | I7: 2.56 | J7: 0.08 | K7: GB-month × AWS Price List gp3 단가 | L7: AWS 서비스 API 직접 조회
A8: 스토리지 | B8: EBS | C8: ap-northeast-2 | D8: vol-0f13422adfd78f1da | E8: mp-eks-dynamic-pvc-222105c1-e91e-485c-805b-e3a9d5dbd615 | F8: gp3 | G8: in-use | H8: 20 GiB · IOPS 3000 | I8: 1.6 | J8: 0.08 | K8: GB-month × AWS Price List gp3 단가 | L8: AWS 서비스 API 직접 조회
A9: 스토리지 | B9: EBS | C9: ap-northeast-2 | D9: vol-03ea1ffa7007ca669 | E9: mp-eks-dynamic-pvc-7b8de393-4de0-4d37-933f-5319e7a1ddaa | F9: gp3 | G9: in-use | H9: 64 GiB · IOPS 3000 | I9: 5.12 | J9: 0.08 | K9: GB-month × AWS Price List gp3 단가 | L9: AWS 서비스 API 직접 조회
A10: 스토리지 | B10: EBS | C10: ap-northeast-2 | D10: vol-09385421128c9abed | E10: mp-eks-dynamic-pvc-6bc00f34-599e-4750-8f64-ee584a7fe7c6 | F10: gp3 | G10: in-use | H10: 1 GiB · IOPS 3000 | I10: 0.08 | J10: 0.08 | K10: GB-month × AWS Price List gp3 단가 | L10: AWS 서비스 API 직접 조회
A11: 스토리지 | B11: EBS | C11: ap-northeast-2 | D11: vol-0f8f42200eb748458 | E11: mp-eks-dynamic-pvc-194fe2b5-6892-4f36-8f35-e8c69c1c383c | F11: gp3 | G11: in-use | H11: 10 GiB · IOPS 3000 | I11: 0.8 | J11: 0.08 | K11: GB-month × AWS Price List gp3 단가 | L11: AWS 서비스 API 직접 조회
A12: 스토리지 | B12: EBS | C12: ap-northeast-2 | D12: vol-053bb1edb01923a0d | E12: mp-ebs-ci-root | F12: gp3 | G12: in-use | H12: 30 GiB · IOPS 3000 | I12: 2.4 | J12: 0.08 | K12: GB-month × AWS Price List gp3 단가 | L12: AWS 서비스 API 직접 조회
A13: 스토리지 | B13: EBS | C13: ap-northeast-2 | D13: vol-04c65b842a240f882 | E13: mp-eks-dynamic-pvc-50af5270-8aca-49a9-9c96-d059ce16ee04 | F13: gp3 | G13: available | H13: 1 GiB · IOPS 3000 | I13: 0.08 | J13: 0.08 | K13: GB-month × AWS Price List gp3 단가 | L13: AWS 서비스 API 직접 조회
... A30: 네트워크 | B30: Public IPv4 | C30: ap-northeast-2 | D30: eipalloc-09625065746b8164f | E30: <EIP> | F30: Elastic IP | G30: associated | H30: eni-03c985bced24a7b0c | I30: 3.72 | J30: 0.005 | K30: 공인 IPv4 744시간 × $0.005 | L30: AWS 서비스 API 직접 조회
A31: 네트워크 | B31: NAT Gateway | C31: ap-northeast-2 | D31: nat-0dcdcec898e31a423 | E31: mp-nat | F31: NAT Gateway | G31: available | H31: subnet-051694c5fe4d0e1b6 | I31: =0.059*744+0.362642/6*31 -> 45.76965 | J31: $0.059/GW-hour + $0.059/GB 처리 | K31: 시간비 $0.059 × 744시간 + 08-10~08-15 NAT 데이터 처리 실측비 $0.362642 ÷ 6일 × 31일 | L31: aws_cost_daily_summary_plain.xlsx 상세 내역 + 기존 AWS 단가표
A32: 네트워크 | B32: Application Load Balancer | C32: ap-northeast-2 | D32: arn:aws:elasticloadbalancing:ap-northeast-2:<ACCOUNT_ID>:loadbalancer/app/mp-alb-public/764f4168e39fe43d | E32: mp-alb-public | F32: ALB | G32: active | H32: internet-facing | I32: =0.0225*744+0.000242/6*31 -> 16.74125 | J32: $0.0225/ALB-hour + $0.008/LCU-hour | K32: ALB 시간비 $0.0225 × 744시간 + 08-10~08-15 LCU 실측비 $0.000242 ÷ 6일 × 31일 | L32: aws_cost_daily_summary_plain.xlsx 상세 내역 + 기존 AWS 단가표
A33: 데이터 | B33: ElastiCache | C33: ap-northeast-2 | D33: mp-cache-001 | E33: mp-cache-001 | F33: cache.t4g.micro | G33: available | H33: valkey | I33: 14.2848 | J33: 0.0192 | K33: 노드 1개 × 744시간 × 노드 시간 단가 | L33: AWS 서비스 API 직접 조회
A34: 데이터 | B34: ElastiCache | C34: ap-northeast-2 | D34: mp-cache-002 | E34: mp-cache-002 | F34: cache.t4g.micro | G34: available | H34: valkey | I34: 14.2848 | J34: 0.0192 | K34: 노드 1개 × 744시간 × 노드 시간 단가 | L34: AWS 서비스 API 직접 조회
A35: 네트워크 | B35: VPC Endpoint | C35: ap-northeast-2 | D35: vpce-090a918b3a59d6ab8 | E35: mp-vpce-ci-s3 | F35: Gateway | G35: available | H35: com.amazonaws.ap-northeast-2.s3 · 0 AZ | I35: 0 | J35: 0 | K35: Gateway Endpoint 자체 사용료 $0 | L35: AWS 서비스 API 직접 조회
A36: 네트워크 | B36: VPC Endpoint | C36: ap-northeast-2 | D36: vpce-0ec59f760c2bd1282 | E36: mp-vpce-s3 | F36: Gateway | G36: available | H36: com.amazonaws.ap-northeast-2.s3 · 0 AZ | I36: 0 | J36: 0 | K36: Gateway Endpoint 자체 사용료 $0 | L36: AWS 서비스 API 직접 조회
A37: 네트워크 | B37: VPC Endpoint | C37: ap-northeast-2 | D37: vpce-0abf45fa959ca25c0 | E37: mp-vpce-sts | F37: Interface | G37: available | H37: com.amazonaws.ap-northeast-2.sts · 2 AZ | I37: =2*744*0.013 -> 19.344 | J37: 0.013 | K37: Interface Endpoint 2 AZ × 744시간 × $0.013/AZ-hour = $19.344/월; 데이터 처리비 제외 | L37: aws_cost_daily_summary_plain.xlsx 상세 내역 + 기존 AWS 단가표
A38: 네트워크 | B38: VPC Endpoint | C38: ap-northeast-2 | D38: vpce-0372bec184461994f | E38: mp-vpce-sqs | F38: Interface | G38: available | H38: com.amazonaws.ap-northeast-2.sqs · 2 AZ | I38: =2*744*0.013 -> 19.344 | J38: 0.013 | K38: Interface Endpoint 2 AZ × 744시간 × $0.013/AZ-hour = $19.344/월; 데이터 처리비 제외 | L38: aws_cost_daily_summary_plain.xlsx 상세 내역 + 기존 AWS 단가표
A39: 네트워크 | B39: VPC Endpoint | C39: ap-northeast-2 | D39: vpce-0252a21d62a579289 | E39: mp-vpce-secretsmanager | F39: Interface | G39: available | H39: com.amazonaws.ap-northeast-2.secretsmanager · 2 AZ | I39: =2*744*0.013 -> 19.344 | J39: 0.013 | K39: Interface Endpoint 2 AZ × 744시간 × $0.013/AZ-hour = $19.344/월; 데이터 처리비 제외 | L39: aws_cost_daily_summary_plain.xlsx 상세 내역 + 기존 AWS 단가표
A40: 네트워크 | B40: VPC | C40: ap-northeast-2 | D40: vpc-0cbc077b708599115 | E40: mp-vpc-service | F40: VPC | G40: available | H40: 10.10.0.0/16 | I40: 0 | J40: 0 | K40: VPC 자체 사용료 $0 | L40: AWS 서비스 API 직접 조회
A41: 네트워크 | B41: VPC | C41: ap-northeast-2 | D41: vpc-0c2c65e7dc87b7e67 | E41: vpc-0c2c65e7dc87b7e67 | F41: VPC | G41: available | H41: 172.31.0.0/16 | I41: 0 | J41: 0 | K41: VPC 자체 사용료 $0 | L41: AWS 서비스 API 직접 조회
A42: 네트워크 | B42: VPC | C42: ap-northeast-2 | D42: vpc-0956da9710438ef92 | E42: mp-vpc-ci | F42: VPC | G42: available | H42: 10.11.0.0/16 | I42: 0 | J42: 0 | K42: VPC 자체 사용료 $0 | L42: AWS 서비스 API 직접 조회
A43: 네트워크 | B43: Subnet | C43: ap-northeast-2 | D43: subnet-0aa43f0d46c8eb5c8 | E43: mp-subnet-data-ap-northeast-2b | F43: Subnet | G43: available | H43: 10.10.33.0/24 | I43: 0 | J43: 0 | K43: Subnet 자체 사용료 $0 | L43: AWS 서비스 API 직접 조회
A44: 네트워크 | B44: Subnet | C44: ap-northeast-2 | D44: subnet-084afc3164acd0e1c | E44: mp-subnet-ci-public | F44: Subnet | G44: available | H44: 10.11.0.0/24 | I44: 0 | J44: 0 | K44: Subnet 자체 사용료 $0 | L44: AWS 서비스 API 직접 조회
A45: 네트워크 | B45: Subnet | C45: ap-northeast-2 | D45: subnet-051694c5fe4d0e1b6 | E45: mp-subnet-public-ap-northeast-2a | F45: Subnet | G45: available | H45: 10.10.0.0/24 | I45: 0 | J45: 0 | K45: Subnet 자체 사용료 $0 | L45: AWS 서비스 API 직접 조회
A46: 네트워크 | B46: Subnet | C46: ap-northeast-2 | D46: subnet-05dd3778a7f5c0e57 | E46: mp-subnet-data-ap-northeast-2a | F46: Subnet | G46: available | H46: 10.10.32.0/24 | I46: 0 | J46: 0 | K46: Subnet 자체 사용료 $0 | L46: AWS 서비스 API 직접 조회
A47: 네트워크 | B47: Subnet | C47: ap-northeast-2 | D47: subnet-0d07175d6ee640010 | E47: mp-subnet-node-ap-northeast-2b | F47: Subnet | G47: available | H47: 10.10.80.0/20 | I47: 0 | J47: 0 | K47: Subnet 자체 사용료 $0 | L47: AWS 서비스 API 직접 조회
A48: 네트워크 | B48: Subnet | C48: ap-northeast-2 | D48: subnet-0ff0f1728991239bf | E48: subnet-0ff0f1728991239bf | F48: Subnet | G48: available | H48: 172.31.32.0/20 | I48: 0 | J48: 0 | K48: Subnet 자체 사용료 $0 | L48: AWS 서비스 API 직접 조회
A49: 네트워크 | B49: Subnet | C49: ap-northeast-2 | D49: subnet-084a72faf36293e15 | E49: mp-subnet-node-ap-northeast-2a | F49: Subnet | G49: available | H49: 10.10.64.0/20 | I49: 0 | J49: 0 | K49: Subnet 자체 사용료 $0 | L49: AWS 서비스 API 직접 조회
A50: 네트워크 | B50: Subnet | C50: ap-northeast-2 | D50: subnet-018f515c2299bb994 | E50: subnet-018f515c2299bb994 | F50: Subnet | G50: available | H50: 172.31.16.0/20 | I50: 0 | J50: 0 | K50: Subnet 자체 사용료 $0 | L50: AWS 서비스 API 직접 조회
A51: 네트워크 | B51: Subnet | C51: ap-northeast-2 | D51: subnet-067b4c416bb97806f | E51: subnet-067b4c416bb97806f | F51: Subnet | G51: available | H51: 172.31.0.0/20 | I51: 0 | J51: 0 | K51: Subnet 자체 사용료 $0 | L51: AWS 서비스 API 직접 조회
... A77: 네트워크 | B77: Network ACL | C77: ap-northeast-2 | D77: acl-0ee904fd36f031494 | E77: acl-0ee904fd36f031494 | F77: Network ACL | G77: active | H77: vpc-0c2c65e7dc87b7e67 | I77: 0 | J77: 0 | K77: Network ACL 자체 사용료 $0 | L77: AWS 서비스 API 직접 조회
A78: 컨테이너 | B78: ECR | C78: ap-northeast-2 | D78: arn:aws:ecr:ap-northeast-2:<ACCOUNT_ID>:repository/mealplanning/mp-notify-service | E78: mealplanning/mp-notify-service | F78: Repository | G78: active | H78: 1 GB 이미지 저장 가정 | I78: =J78*1 -> 0.1 | J78: 0.1 | K78: Repository당 1 GB × $0.10/GB-month = $0.10/월 (추정) | L78: https://aws.amazon.com/ecr/pricing/
A79: 컨테이너 | B79: ECR | C79: ap-northeast-2 | D79: arn:aws:ecr:ap-northeast-2:<ACCOUNT_ID>:repository/mealplanning/mp-pgsync | E79: mealplanning/mp-pgsync | F79: Repository | G79: active | H79: 1 GB 이미지 저장 가정 | I79: =J79*1 -> 0.1 | J79: 0.1 | K79: Repository당 1 GB × $0.10/GB-month = $0.10/월 (추정) | L79: https://aws.amazon.com/ecr/pricing/
A80: 컨테이너 | B80: ECR | C80: ap-northeast-2 | D80: arn:aws:ecr:ap-northeast-2:<ACCOUNT_ID>:repository/mealplanning/mp-video-service | E80: mealplanning/mp-video-service | F80: Repository | G80: active | H80: 1 GB 이미지 저장 가정 | I80: =J80*1 -> 0.1 | J80: 0.1 | K80: Repository당 1 GB × $0.10/GB-month = $0.10/월 (추정) | L80: https://aws.amazon.com/ecr/pricing/
A81: 컨테이너 | B81: ECR | C81: ap-northeast-2 | D81: arn:aws:ecr:ap-northeast-2:<ACCOUNT_ID>:repository/mealplanning/mp-price-service | E81: mealplanning/mp-price-service | F81: Repository | G81: active | H81: 1 GB 이미지 저장 가정 | I81: =J81*1 -> 0.1 | J81: 0.1 | K81: Repository당 1 GB × $0.10/GB-month = $0.10/월 (추정) | L81: https://aws.amazon.com/ecr/pricing/
A82: 컨테이너 | B82: ECR | C82: ap-northeast-2 | D82: arn:aws:ecr:ap-northeast-2:<ACCOUNT_ID>:repository/mealplanning/mp-operations-service | E82: mealplanning/mp-operations-service | F82: Repository | G82: active | H82: 1 GB 이미지 저장 가정 | I82: =J82*1 -> 0.1 | J82: 0.1 | K82: Repository당 1 GB × $0.10/GB-month = $0.10/월 (추정) | L82: https://aws.amazon.com/ecr/pricing/
A83: 컨테이너 | B83: ECR | C83: ap-northeast-2 | D83: arn:aws:ecr:ap-northeast-2:<ACCOUNT_ID>:repository/mealplanning/mp-account-service | E83: mealplanning/mp-account-service | F83: Repository | G83: active | H83: 1 GB 이미지 저장 가정 | I83: =J83*1 -> 0.1 | J83: 0.1 | K83: Repository당 1 GB × $0.10/GB-month = $0.10/월 (추정) | L83: https://aws.amazon.com/ecr/pricing/
A84: 컨테이너 | B84: ECR | C84: ap-northeast-2 | D84: arn:aws:ecr:ap-northeast-2:<ACCOUNT_ID>:repository/mealplanning/mp-chat-service | E84: mealplanning/mp-chat-service | F84: Repository | G84: active | H84: 1 GB 이미지 저장 가정 | I84: =J84*1 -> 0.1 | J84: 0.1 | K84: Repository당 1 GB × $0.10/GB-month = $0.10/월 (추정) | L84: https://aws.amazon.com/ecr/pricing/
A85: 컨테이너 | B85: ECR | C85: ap-northeast-2 | D85: arn:aws:ecr:ap-northeast-2:<ACCOUNT_ID>:repository/mealplanning/mp-frontend | E85: mealplanning/mp-frontend | F85: Repository | G85: active | H85: 1 GB 이미지 저장 가정 | I85: =J85*1 -> 0.1 | J85: 0.1 | K85: Repository당 1 GB × $0.10/GB-month = $0.10/월 (추정) | L85: https://aws.amazon.com/ecr/pricing/
A86: 컨테이너 | B86: ECR | C86: ap-northeast-2 | D86: arn:aws:ecr:ap-northeast-2:<ACCOUNT_ID>:repository/mealplanning/mp-ranking-serving | E86: mealplanning/mp-ranking-serving | F86: Repository | G86: active | H86: 1 GB 이미지 저장 가정 | I86: =J86*1 -> 0.1 | J86: 0.1 | K86: Repository당 1 GB × $0.10/GB-month = $0.10/월 (추정) | L86: https://aws.amazon.com/ecr/pricing/
A87: 컨테이너 | B87: ECR | C87: ap-northeast-2 | D87: arn:aws:ecr:ap-northeast-2:<ACCOUNT_ID>:repository/mealplanning/mp-recipebook-service | E87: mealplanning/mp-recipebook-service | F87: Repository | G87: active | H87: 1 GB 이미지 저장 가정 | I87: =J87*1 -> 0.1 | J87: 0.1 | K87: Repository당 1 GB × $0.10/GB-month = $0.10/월 (추정) | L87: https://aws.amazon.com/ecr/pricing/
A88: 컨테이너 | B88: ECR | C88: ap-northeast-2 | D88: arn:aws:ecr:ap-northeast-2:<ACCOUNT_ID>:repository/mealplanning/mp-ocr-service | E88: mealplanning/mp-ocr-service | F88: Repository | G88: active | H88: 1 GB 이미지 저장 가정 | I88: =J88*1 -> 0.1 | J88: 0.1 | K88: Repository당 1 GB × $0.10/GB-month = $0.10/월 (추정) | L88: https://aws.amazon.com/ecr/pricing/
A89: 컨테이너 | B89: ECR | C89: ap-northeast-2 | D89: arn:aws:ecr:ap-northeast-2:<ACCOUNT_ID>:repository/mealplanning/mp-crawler-kurly | E89: mealplanning/mp-crawler-kurly | F89: Repository | G89: active | H89: 1 GB 이미지 저장 가정 | I89: =J89*1 -> 0.1 | J89: 0.1 | K89: Repository당 1 GB × $0.10/GB-month = $0.10/월 (추정) | L89: https://aws.amazon.com/ecr/pricing/
... A95: 컨테이너 | B95: ECR | C95: ap-northeast-2 | D95: arn:aws:ecr:ap-northeast-2:<ACCOUNT_ID>:repository/mealplanning/mp-recipe-service | E95: mealplanning/mp-recipe-service | F95: Repository | G95: active | H95: 1 GB 이미지 저장 가정 | I95: =J95*1 -> 0.1 | J95: 0.1 | K95: Repository당 1 GB × $0.10/GB-month = $0.10/월 (추정) | L95: https://aws.amazon.com/ecr/pricing/
A96: 서버리스 | B96: Lambda | C96: ap-northeast-2 | D96: arn:aws:lambda:ap-northeast-2:<ACCOUNT_ID>:function:mp-ai-sentiment-batch | E96: mp-ai-sentiment-batch | F96: Function | G96: 132 | H96: 월 100,000회 · 512 MB · 평균 200 ms 가정 | I96: =(100000/1000000*0.2)+(100000*0.2*0.5*0.0000166667) -> 0.186667 | J96: $0.20/100만 요청 + $0.0000166667/GB-second | K96: 100,000회 요청비 + 10,000 GB-second 컴퓨팅 = 약 $0.1867/월 (추정) | L96: https://aws.amazon.com/lambda/pricing/
A97: 서버리스 | B97: Lambda | C97: ap-northeast-2 | D97: arn:aws:lambda:ap-northeast-2:<ACCOUNT_ID>:function:mp-ai-shelflife-draft | E97: mp-ai-shelflife-draft | F97: Function | G97: 132 | H97: 월 100,000회 · 512 MB · 평균 200 ms 가정 | I97: =(100000/1000000*0.2)+(100000*0.2*0.5*0.0000166667) -> 0.186667 | J97: $0.20/100만 요청 + $0.0000166667/GB-second | K97: 100,000회 요청비 + 10,000 GB-second 컴퓨팅 = 약 $0.1867/월 (추정) | L97: https://aws.amazon.com/lambda/pricing/
A98: 서버리스 | B98: Lambda | C98: ap-northeast-2 | D98: arn:aws:lambda:ap-northeast-2:<ACCOUNT_ID>:function:mp-ai-video-worker | E98: mp-ai-video-worker | F98: Function | G98: 132 | H98: 월 100,000회 · 512 MB · 평균 200 ms 가정 | I98: =(100000/1000000*0.2)+(100000*0.2*0.5*0.0000166667) -> 0.186667 | J98: $0.20/100만 요청 + $0.0000166667/GB-second | K98: 100,000회 요청비 + 10,000 GB-second 컴퓨팅 = 약 $0.1867/월 (추정) | L98: https://aws.amazon.com/lambda/pricing/
A99: 서버리스 | B99: Lambda | C99: ap-northeast-2 | D99: arn:aws:lambda:ap-northeast-2:<ACCOUNT_ID>:function:mp-ai-ocr-worker | E99: mp-ai-ocr-worker | F99: Function | G99: 132 | H99: 월 100,000회 · 512 MB · 평균 200 ms 가정 | I99: =(100000/1000000*0.2)+(100000*0.2*0.5*0.0000166667) -> 0.186667 | J99: $0.20/100만 요청 + $0.0000166667/GB-second | K99: 100,000회 요청비 + 10,000 GB-second 컴퓨팅 = 약 $0.1867/월 (추정) | L99: https://aws.amazon.com/lambda/pricing/
A100: 서버리스 | B100: Lambda | C100: ap-northeast-2 | D100: arn:aws:lambda:ap-northeast-2:<ACCOUNT_ID>:function:mp-ai-chat-api | E100: mp-ai-chat-api | F100: Function | G100: 132 | H100: 월 100,000회 · 512 MB · 평균 200 ms 가정 | I100: =(100000/1000000*0.2)+(100000*0.2*0.5*0.0000166667) -> 0.186667 | J100: $0.20/100만 요청 + $0.0000166667/GB-second | K100: 100,000회 요청비 + 10,000 GB-second 컴퓨팅 = 약 $0.1867/월 (추정) | L100: https://aws.amazon.com/lambda/pricing/
A101: 서버리스 | B101: Lambda | C101: ap-northeast-2 | D101: arn:aws:lambda:ap-northeast-2:<ACCOUNT_ID>:function:mp-ai-price-detect | E101: mp-ai-price-detect | F101: Function | G101: 132 | H101: 월 100,000회 · 512 MB · 평균 200 ms 가정 | I101: =(100000/1000000*0.2)+(100000*0.2*0.5*0.0000166667) -> 0.186667 | J101: $0.20/100만 요청 + $0.0000166667/GB-second | K101: 100,000회 요청비 + 10,000 GB-second 컴퓨팅 = 약 $0.1867/월 (추정) | L101: https://aws.amazon.com/lambda/pricing/
A102: 서버리스 | B102: Lambda | C102: ap-northeast-2 | D102: arn:aws:lambda:ap-northeast-2:<ACCOUNT_ID>:function:mp-security-notifier | E102: mp-security-notifier | F102: Function | G102: 132 | H102: 월 100,000회 · 512 MB · 평균 200 ms 가정 | I102: =(100000/1000000*0.2)+(100000*0.2*0.5*0.0000166667) -> 0.186667 | J102: $0.20/100만 요청 + $0.0000166667/GB-second | K102: 100,000회 요청비 + 10,000 GB-second 컴퓨팅 = 약 $0.1867/월 (추정) | L102: https://aws.amazon.com/lambda/pricing/
A103: 서버리스 | B103: Lambda | C103: ap-northeast-2 | D103: arn:aws:lambda:ap-northeast-2:<ACCOUNT_ID>:function:mp-ai-ner-backfill | E103: mp-ai-ner-backfill | F103: Function | G103: 132 | H103: 월 100,000회 · 512 MB · 평균 200 ms 가정 | I103: =(100000/1000000*0.2)+(100000*0.2*0.5*0.0000166667) -> 0.186667 | J103: $0.20/100만 요청 + $0.0000166667/GB-second | K103: 100,000회 요청비 + 10,000 GB-second 컴퓨팅 = 약 $0.1867/월 (추정) | L103: https://aws.amazon.com/lambda/pricing/
A104: 서버리스 | B104: Lambda | C104: ap-northeast-2 | D104: arn:aws:lambda:ap-northeast-2:<ACCOUNT_ID>:function:mp-ai-summarize-batch | E104: mp-ai-summarize-batch | F104: Function | G104: 132 | H104: 월 100,000회 · 512 MB · 평균 200 ms 가정 | I104: =(100000/1000000*0.2)+(100000*0.2*0.5*0.0000166667) -> 0.186667 | J104: $0.20/100만 요청 + $0.0000166667/GB-second | K104: 100,000회 요청비 + 10,000 GB-second 컴퓨팅 = 약 $0.1867/월 (추정) | L104: https://aws.amazon.com/lambda/pricing/
A105: 서버리스 | B105: Lambda | C105: ap-northeast-2 | D105: arn:aws:lambda:ap-northeast-2:<ACCOUNT_ID>:function:mp-ai-video-api | E105: mp-ai-video-api | F105: Function | G105: 132 | H105: 월 100,000회 · 512 MB · 평균 200 ms 가정 | I105: =(100000/1000000*0.2)+(100000*0.2*0.5*0.0000166667) -> 0.186667 | J105: $0.20/100만 요청 + $0.0000166667/GB-second | K105: 100,000회 요청비 + 10,000 GB-second 컴퓨팅 = 약 $0.1867/월 (추정) | L105: https://aws.amazon.com/lambda/pricing/
A106: 서버리스 | B106: Lambda | C106: ap-northeast-2 | D106: arn:aws:lambda:ap-northeast-2:<ACCOUNT_ID>:function:mp-ai-ocr-api | E106: mp-ai-ocr-api | F106: Function | G106: 132 | H106: 월 100,000회 · 512 MB · 평균 200 ms 가정 | I106: =(100000/1000000*0.2)+(100000*0.2*0.5*0.0000166667) -> 0.186667 | J106: $0.20/100만 요청 + $0.0000166667/GB-second | K106: 100,000회 요청비 + 10,000 GB-second 컴퓨팅 = 약 $0.1867/월 (추정) | L106: https://aws.amazon.com/lambda/pricing/
A107: 보안 | B107: Secrets Manager | C107: ap-northeast-2 | D107: arn:aws:secretsmanager:ap-northeast-2:<ACCOUNT_ID>:secret:mp/prod/repo-mealplanning-config-RPJhK5 | E107: mp/prod/repo-mealplanning-config | F107: Secret | G107: active | H107: 월별 Secret 수 | I107: 0.4 | J107: 0.4 | K107: Secret 1개 × $0.40/month; API 호출량 제외 | L107: AWS 서비스 API 직접 조회
A108: 보안 | B108: Secrets Manager | C108: ap-northeast-2 | D108: arn:aws:secretsmanager:ap-northeast-2:<ACCOUNT_ID>:secret:mp/prod/cloudflared-gitlab-vN5seY | E108: mp/prod/cloudflared-gitlab | F108: Secret | G108: active | H108: 월별 Secret 수 | I108: 0.4 | J108: 0.4 | K108: Secret 1개 × $0.40/month; API 호출량 제외 | L108: AWS 서비스 API 직접 조회
A109: 보안 | B109: Secrets Manager | C109: ap-northeast-2 | D109: arn:aws:secretsmanager:ap-northeast-2:<ACCOUNT_ID>:secret:mp/prod/data-secrets-O3bPAb | E109: mp/prod/data-secrets | F109: Secret | G109: active | H109: 월별 Secret 수 | I109: 0.4 | J109: 0.4 | K109: Secret 1개 × $0.40/month; API 호출량 제외 | L109: AWS 서비스 API 직접 조회
A110: 보안 | B110: Secrets Manager | C110: ap-northeast-2 | D110: arn:aws:secretsmanager:ap-northeast-2:<ACCOUNT_ID>:secret:mp/prod/pg-roles-DFWt5o | E110: mp/prod/pg-roles | F110: Secret | G110: active | H110: 월별 Secret 수 | I110: 0.4 | J110: 0.4 | K110: Secret 1개 × $0.40/month; API 호출량 제외 | L110: AWS 서비스 API 직접 조회
A111: 보안 | B111: Secrets Manager | C111: ap-northeast-2 | D111: arn:aws:secretsmanager:ap-northeast-2:<ACCOUNT_ID>:secret:mp/prod/app-secrets-zLtXVg | E111: mp/prod/app-secrets | F111: Secret | G111: active | H111: 월별 Secret 수 | I111: 0.4 | J111: 0.4 | K111: Secret 1개 × $0.40/month; API 호출량 제외 | L111: AWS 서비스 API 직접 조회
A112: 보안 | B112: Secrets Manager | C112: ap-northeast-2 | D112: arn:aws:secretsmanager:ap-northeast-2:<ACCOUNT_ID>:secret:mp/prod/observability-secrets-dH18d3 | E112: mp/prod/observability-secrets | F112: Secret | G112: active | H112: 월별 Secret 수 | I112: 0.4 | J112: 0.4 | K112: Secret 1개 × $0.40/month; API 호출량 제외 | L112: AWS 서비스 API 직접 조회
A113: 보안 | B113: Secrets Manager | C113: ap-northeast-2 | D113: arn:aws:secretsmanager:ap-northeast-2:<ACCOUNT_ID>:secret:mp/prod/alertmanager-slack-3gfUZ1 | E113: mp/prod/alertmanager-slack | F113: Secret | G113: active | H113: 월별 Secret 수 | I113: 0.4 | J113: 0.4 | K113: Secret 1개 × $0.40/month; API 호출량 제외 | L113: AWS 서비스 API 직접 조회
A114: 보안 | B114: Secrets Manager | C114: ap-northeast-2 | D114: arn:aws:secretsmanager:ap-northeast-2:<ACCOUNT_ID>:secret:mp/prod/cloudflared-argocd-Vr7RIQ | E114: mp/prod/cloudflared-argocd | F114: Secret | G114: active | H114: 월별 Secret 수 | I114: 0.4 | J114: 0.4 | K114: Secret 1개 × $0.40/month; API 호출량 제외 | L114: AWS 서비스 API 직접 조회
A115: 보안 | B115: Secrets Manager | C115: ap-northeast-2 | D115: arn:aws:secretsmanager:ap-northeast-2:<ACCOUNT_ID>:secret:mp/prod/pipeline-secrets-DsZNSZ | E115: mp/prod/pipeline-secrets | F115: Secret | G115: active | H115: 월별 Secret 수 | I115: 0.4 | J115: 0.4 | K115: Secret 1개 × $0.40/month; API 호출량 제외 | L115: AWS 서비스 API 직접 조회
A116: 보안 | B116: Secrets Manager | C116: ap-northeast-2 | D116: arn:aws:secretsmanager:ap-northeast-2:<ACCOUNT_ID>:secret:mp/prod/security-slack-webhook-DvTyPq | E116: mp/prod/security-slack-webhook | F116: Secret | G116: active | H116: 월별 Secret 수 | I116: 0.4 | J116: 0.4 | K116: Secret 1개 × $0.40/month; API 호출량 제외 | L116: AWS 서비스 API 직접 조회
A117: 보안 | B117: Secrets Manager | C117: ap-northeast-2 | D117: arn:aws:secretsmanager:ap-northeast-2:<ACCOUNT_ID>:secret:mp-ai/runtime-6d892E | E117: mp-ai/runtime | F117: Secret | G117: active | H117: 월별 Secret 수 | I117: 0.4 | J117: 0.4 | K117: Secret 1개 × $0.40/month; API 호출량 제외 | L117: AWS 서비스 API 직접 조회
A118: 메시징 | B118: SQS | C118: ap-northeast-2 | D118: https://sqs.ap-northeast-2.amazonaws.com/<ACCOUNT_ID>/mp-ai-ocr-jobs | E118: mp-ai-ocr-jobs | F118: Queue | G118: active | H118: 월 100,000 Standard 요청 가정 | I118: =J118*(100000/1000000) -> 0.04 | J118: 0.4 | K118: Queue당 100,000 요청 ÷ 1,000,000 × $0.40 = $0.04/월 (추정) | L118: https://aws.amazon.com/sqs/pricing/
A119: 메시징 | B119: SQS | C119: ap-northeast-2 | D119: https://sqs.ap-northeast-2.amazonaws.com/<ACCOUNT_ID>/mp-ai-ocr-jobs-dlq | E119: mp-ai-ocr-jobs-dlq | F119: Queue | G119: active | H119: 월 100,000 Standard 요청 가정 | I119: =J119*(100000/1000000) -> 0.04 | J119: 0.4 | K119: Queue당 100,000 요청 ÷ 1,000,000 × $0.40 = $0.04/월 (추정) | L119: https://aws.amazon.com/sqs/pricing/
A120: 메시징 | B120: SQS | C120: ap-northeast-2 | D120: https://sqs.ap-northeast-2.amazonaws.com/<ACCOUNT_ID>/mp-ai-video-jobs | E120: mp-ai-video-jobs | F120: Queue | G120: active | H120: 월 100,000 Standard 요청 가정 | I120: =J120*(100000/1000000) -> 0.04 | J120: 0.4 | K120: Queue당 100,000 요청 ÷ 1,000,000 × $0.40 = $0.04/월 (추정) | L120: https://aws.amazon.com/sqs/pricing/
A121: 메시징 | B121: SQS | C121: ap-northeast-2 | D121: https://sqs.ap-northeast-2.amazonaws.com/<ACCOUNT_ID>/mp-ai-video-jobs-dlq | E121: mp-ai-video-jobs-dlq | F121: Queue | G121: active | H121: 월 100,000 Standard 요청 가정 | I121: =J121*(100000/1000000) -> 0.04 | J121: 0.4 | K121: Queue당 100,000 요청 ÷ 1,000,000 × $0.40 = $0.04/월 (추정) | L121: https://aws.amazon.com/sqs/pricing/
A122: 메시징 | B122: SQS | C122: ap-northeast-2 | D122: https://sqs.ap-northeast-2.amazonaws.com/<ACCOUNT_ID>/mp-crawl-deal | E122: mp-crawl-deal | F122: Queue | G122: active | H122: 월 100,000 Standard 요청 가정 | I122: =J122*(100000/1000000) -> 0.04 | J122: 0.4 | K122: Queue당 100,000 요청 ÷ 1,000,000 × $0.40 = $0.04/월 (추정) | L122: https://aws.amazon.com/sqs/pricing/
A123: 메시징 | B123: SQS | C123: ap-northeast-2 | D123: https://sqs.ap-northeast-2.amazonaws.com/<ACCOUNT_ID>/mp-crawl-deal-dlq | E123: mp-crawl-deal-dlq | F123: Queue | G123: active | H123: 월 100,000 Standard 요청 가정 | I123: =J123*(100000/1000000) -> 0.04 | J123: 0.4 | K123: Queue당 100,000 요청 ÷ 1,000,000 × $0.40 = $0.04/월 (추정) | L123: https://aws.amazon.com/sqs/pricing/
A124: 메시징 | B124: SQS | C124: ap-northeast-2 | D124: https://sqs.ap-northeast-2.amazonaws.com/<ACCOUNT_ID>/mp-crawl-recipe | E124: mp-crawl-recipe | F124: Queue | G124: active | H124: 월 100,000 Standard 요청 가정 | I124: =J124*(100000/1000000) -> 0.04 | J124: 0.4 | K124: Queue당 100,000 요청 ÷ 1,000,000 × $0.40 = $0.04/월 (추정) | L124: https://aws.amazon.com/sqs/pricing/
A125: 메시징 | B125: SQS | C125: ap-northeast-2 | D125: https://sqs.ap-northeast-2.amazonaws.com/<ACCOUNT_ID>/mp-crawl-recipe-dlq | E125: mp-crawl-recipe-dlq | F125: Queue | G125: active | H125: 월 100,000 Standard 요청 가정 | I125: =J125*(100000/1000000) -> 0.04 | J125: 0.4 | K125: Queue당 100,000 요청 ÷ 1,000,000 × $0.40 = $0.04/월 (추정) | L125: https://aws.amazon.com/sqs/pricing/
A126: 메시징 | B126: SQS | C126: ap-northeast-2 | D126: https://sqs.ap-northeast-2.amazonaws.com/<ACCOUNT_ID>/mp-crawl-retail | E126: mp-crawl-retail | F126: Queue | G126: active | H126: 월 100,000 Standard 요청 가정 | I126: =J126*(100000/1000000) -> 0.04 | J126: 0.4 | K126: Queue당 100,000 요청 ÷ 1,000,000 × $0.40 = $0.04/월 (추정) | L126: https://aws.amazon.com/sqs/pricing/
A127: 메시징 | B127: SQS | C127: ap-northeast-2 | D127: https://sqs.ap-northeast-2.amazonaws.com/<ACCOUNT_ID>/mp-crawl-retail-dlq | E127: mp-crawl-retail-dlq | F127: Queue | G127: active | H127: 월 100,000 Standard 요청 가정 | I127: =J127*(100000/1000000) -> 0.04 | J127: 0.4 | K127: Queue당 100,000 요청 ÷ 1,000,000 × $0.40 = $0.04/월 (추정) | L127: https://aws.amazon.com/sqs/pricing/
A128: 메시징 | B128: SQS | C128: ap-northeast-2 | D128: https://sqs.ap-northeast-2.amazonaws.com/<ACCOUNT_ID>/mp-karpenter-interruption | E128: mp-karpenter-interruption | F128: Queue | G128: active | H128: 월 100,000 Standard 요청 가정 | I128: =J128*(100000/1000000) -> 0.04 | J128: 0.4 | K128: Queue당 100,000 요청 ÷ 1,000,000 × $0.40 = $0.04/월 (추정) | L128: https://aws.amazon.com/sqs/pricing/
A129: 컴퓨팅 | B129: EC2 | C129: us-east-1 | D129: i-05d33c1380e6985cb | E129: myweb-team6 | F129: EC2 t3.micro | G129: stopped | H129: Linux/UNIX | I129: 0 | J129: 0 | K129: 실행 744시간 × AWS Price List 온디맨드 단가 | L129: AWS 서비스 API 직접 조회
A130: 스토리지 | B130: EBS | C130: us-east-1 | D130: vol-0ff2c88cbc708d79b | E130: vol-0ff2c88cbc708d79b | F130: gp3 | G130: in-use | H130: 10 GiB · IOPS 3000 | I130: 0.8 | J130: 0.08 | K130: GB-month × AWS Price List gp3 단가 | L130: AWS 서비스 API 직접 조회
A131: 네트워크 | B131: VPC | C131: us-east-1 | D131: vpc-0ef045179c02f4d84 | E131: vpc-0ef045179c02f4d84 | F131: VPC | G131: available | H131: 172.31.0.0/16 | I131: 0 | J131: 0 | K131: VPC 자체 사용료 $0 | L131: AWS 서비스 API 직접 조회
A132: 네트워크 | B132: Subnet | C132: us-east-1 | D132: subnet-0f8d19b69c35afcc8 | E132: subnet-0f8d19b69c35afcc8 | F132: Subnet | G132: available | H132: 172.31.64.0/20 | I132: 0 | J132: 0 | K132: Subnet 자체 사용료 $0 | L132: AWS 서비스 API 직접 조회
A133: 네트워크 | B133: Subnet | C133: us-east-1 | D133: subnet-0276b569e6af0acea | E133: subnet-0276b569e6af0acea | F133: Subnet | G133: available | H133: 172.31.16.0/20 | I133: 0 | J133: 0 | K133: Subnet 자체 사용료 $0 | L133: AWS 서비스 API 직접 조회
A134: 네트워크 | B134: Subnet | C134: us-east-1 | D134: subnet-037b36dd12ae10805 | E134: subnet-037b36dd12ae10805 | F134: Subnet | G134: available | H134: 172.31.32.0/20 | I134: 0 | J134: 0 | K134: Subnet 자체 사용료 $0 | L134: AWS 서비스 API 직접 조회
A135: 네트워크 | B135: Subnet | C135: us-east-1 | D135: subnet-05fddf5ea3d1ee2fd | E135: subnet-05fddf5ea3d1ee2fd | F135: Subnet | G135: available | H135: 172.31.48.0/20 | I135: 0 | J135: 0 | K135: Subnet 자체 사용료 $0 | L135: AWS 서비스 API 직접 조회
A136: 네트워크 | B136: Subnet | C136: us-east-1 | D136: subnet-0bb551d5313826cc7 | E136: subnet-0bb551d5313826cc7 | F136: Subnet | G136: available | H136: 172.31.0.0/20 | I136: 0 | J136: 0 | K136: Subnet 자체 사용료 $0 | L136: AWS 서비스 API 직접 조회
A137: 네트워크 | B137: Subnet | C137: us-east-1 | D137: subnet-0f27e80497856a72a | E137: subnet-0f27e80497856a72a | F137: Subnet | G137: available | H137: 172.31.80.0/20 | I137: 0 | J137: 0 | K137: Subnet 자체 사용료 $0 | L137: AWS 서비스 API 직접 조회
A138: 네트워크 | B138: Internet Gateway | C138: us-east-1 | D138: igw-0522455df434d945e | E138: igw-0522455df434d945e | F138: Internet Gateway | G138: attached | H138: 132 | I138: 0 | J138: 0 | K138: Internet Gateway 자체 사용료 $0 | L138: AWS 서비스 API 직접 조회
A139: 네트워크 | B139: Route Table | C139: us-east-1 | D139: rtb-0f7e090ded49702a3 | E139: rtb-0f7e090ded49702a3 | F139: Route Table | G139: active | H139: routes 2 | I139: 0 | J139: 0 | K139: Route Table 자체 사용료 $0 | L139: AWS 서비스 API 직접 조회
A140: 네트워크 | B140: Security Group | C140: us-east-1 | D140: sg-0e34d0153d9841230 | E140: myweb-team6-sg | F140: Security Group | G140: active | H140: vpc-0ef045179c02f4d84 | I140: 0 | J140: 0 | K140: Security Group 자체 사용료 $0 | L140: AWS 서비스 API 직접 조회
... A143: 컨테이너 | B143: EKS Control Plane | C143: ap-northeast-2 | D143: mp-eks | E143: mp-eks | F143: EKS Cluster | G143: active | H143: 표준 지원 | I143: 74.4 | J143: 0.1 | K143: EKS 제어 플레인 744시간 × $0.10 | L143: AWS 서비스 API 직접 조회
A144: 스토리지 | B144: S3 | C144: global | D144: cf-templates-q9y0xhh3v8t0-us-west-2 | E144: cf-templates-q9y0xhh3v8t0-us-west-2 | F144: Bucket | G144: active | H144: 1 GB S3 Standard 저장 가정 | I144: =J144*1 -> 0.025 | J144: 0.025 | K144: Bucket당 1 GB × $0.025/GB-month = $0.025/월 (추정, 요청/전송 제외) | L144: https://aws.amazon.com/s3/pricing/
A145: 스토리지 | B145: S3 | C145: global | D145: haimedia-finops-athena-results-<ACCOUNT_ID>-apne2 | E145: haimedia-finops-athena-results-<ACCOUNT_ID>-apne2 | F145: Bucket | G145: active | H145: 1 GB S3 Standard 저장 가정 | I145: =J145*1 -> 0.025 | J145: 0.025 | K145: Bucket당 1 GB × $0.025/GB-month = $0.025/월 (추정, 요청/전송 제외) | L145: https://aws.amazon.com/s3/pricing/
A146: 스토리지 | B146: S3 | C146: global | D146: haimedia-finops-cur-<ACCOUNT_ID>-apne2 | E146: haimedia-finops-cur-<ACCOUNT_ID>-apne2 | F146: Bucket | G146: active | H146: 1 GB S3 Standard 저장 가정 | I146: =J146*1 -> 0.025 | J146: 0.025 | K146: Bucket당 1 GB × $0.025/GB-month = $0.025/월 (추정, 요청/전송 제외) | L146: https://aws.amazon.com/s3/pricing/
A147: 스토리지 | B147: S3 | C147: global | D147: mp-ai-model-ap2 | E147: mp-ai-model-ap2 | F147: Bucket | G147: active | H147: 1 GB S3 Standard 저장 가정 | I147: =J147*1 -> 0.025 | J147: 0.025 | K147: Bucket당 1 GB × $0.025/GB-month = $0.025/월 (추정, 요청/전송 제외) | L147: https://aws.amazon.com/s3/pricing/
A148: 스토리지 | B148: S3 | C148: global | D148: mp-ai-tfstate-ap2 | E148: mp-ai-tfstate-ap2 | F148: Bucket | G148: active | H148: 1 GB S3 Standard 저장 가정 | I148: =J148*1 -> 0.025 | J148: 0.025 | K148: Bucket당 1 GB × $0.025/GB-month = $0.025/월 (추정, 요청/전송 제외) | L148: https://aws.amazon.com/s3/pricing/
...

Sheet 절감안
A1: AWS 월 비용 절감 시나리오 비교
A2: PPT에 표시된 5개 개선 항목을 동일 기준으로 정리 · 각 항목은 독립 시나리오이므로 절감액 단순 합산 금지
A4: No. | B4: 개선 항목 | C4: 기존 방식 | D4: 개선 방식 | E4: 기존 월비용 | F4: 개선 월비용 | G4: 월 절감액 | H4: 절감률 | I4: 비고
A5: 1 | B5: 컴퓨팅 아키텍처 | C5: Intel/AMD x86 m7i.xlarge×2 + t3.xlarge×1 | D5: Graviton m7g.xlarge×2 + t4g.xlarge×1 | E5: 527.87 | F5: 422.29 | G5: =E5-F5 -> 105.58 | H5: =IF(E5=0,0,G5/E5) -> 0.20001137 | I5: 동급 사양 비교
A6: 2 | B6: 비동기 처리 | C6: Kafka + Graviton + gp3 100GiB | D6: EventBridge + SQS | E6: 45.6 | F6: 9.04 | G6: =E6-F6 -> 36.56 | H6: =IF(E6=0,0,G6/E6) -> 0.80175439 | I6: 요청량이 크지 않은 비동기 처리 기준
A7: 3 | B7: EBS 볼륨 | C7: gp2 350GiB | D7: gp3 350GiB | E7: 53 | F7: 42.2 | G7: =E7-F7 -> 10.8 | H7: =IF(E7=0,0,G7/E7) -> 0.20377358 | I7: PPT 기준 동일 용량 비교
A8: 4 | B8: 운영 방식 | C8: ElastiCache + 완전관리형 DB/검색 계열 | D8: ElastiCache 유지 + Graviton 기반 직접 운영 | E8: 330 | F8: 137.19 | G8: =E8-F8 -> 192.81 | H8: =IF(E8=0,0,G8/E8) -> 0.58427273 | I8: 관리형 사용 범위를 줄인 시나리오
A9: 5 | B9: 모니터링 | C9: AWS 관리형 중심 모니터링 | D9: CloudWatch 제한 사용 + Prometheus/Grafana/Kubecost 직접 운영 | E9: 106.31 | F9: 61.06 | G9: =E9-F9 -> 45.25 | H9: =IF(E9=0,0,G9/E9) -> 0.42564199 | I9: 내부 모니터링 스택 활용
A11: 비용 합계 | D11: 개선 비용 합계
A13: =SUM(E5:E9) -> 1062.78 | D13: =SUM(F5:F9) -> 671.78
K15: \
